"the_geom";"gid";"length";"speed";"id";"start_node";"end_node"
"MULTILINESTRING ((120 322, 222 242))";"1";"129.63024338479042";"60";"1";"1";"2"
"MULTILINESTRING ((222 242, 335 313))";"2";"133.4541119636259";"60";"2";"2";"3"
"MULTILINESTRING ((222 242, 228 191))";"3";"51.35172830587107";"90";"3";"2";"4"
"MULTILINESTRING ((228 191, 313 110, 223 82))";"4";"211.6687715105811";"50";"4";"4";"5"
"MULTILINESTRING ((228 191, 124 131, 223 82))";"5";"230.5293115338882";"90";"5";"4";"5"
"MULTILINESTRING ((223 82, 229 26))";"6";"56.32051136131489";"60";"6";"5";"6"
